{"stats":{"minecraft:crafted":{"minecraft:crafting_table":1,"minecraft:spruce_planks":12,"minecraft:stick":4,"minecraft:wooden_pickaxe":1,"minecraft:wooden_axe":1},"minecraft:used":{"minecraft:wooden_axe":6,"minecraft:crafting_table":2,"minecraft:wooden_pickaxe":6},"minecraft:custom":{"minecraft:time_since_rest":4840,"minecraft:crouch_one_cm":256,"minecraft:play_time":4840,"minecraft:sprint_one_cm":2076,"minecraft:walk_one_cm":1510,"minecraft:sneak_time":84,"minecraft:jump":7,"minecraft:time_since_death":4840,"minecraft:total_world_time":4840,"minecraft:interact_with_crafting_table":2,"minecraft:fall_one_cm":209,"minecraft:fly_one_cm":1734},"minecraft:picked_up":{"minecraft:stick":1,"minecraft:crafting_table":1,"minecraft:spruce_sapling":2,"minecraft:spruce_log":7,"minecraft:cobblestone":6},"minecraft:mined":{"minecraft:stone":6,"minecraft:spruce_log":7,"minecraft:crafting_table":1}},"DataVersion":3465}