{"stats":{"minecraft:crafted":{"minecraft:crafting_table":1,"minecraft:spruce_planks":28,"minecraft:stick":8,"minecraft:wooden_pickaxe":1,"minecraft:stone_pickaxe":1,"minecraft:wooden_axe":1,"minecraft:white_bed":1,"minecraft:stone_axe":1},"minecraft:used":{"minecraft:wooden_axe":9,"minecraft:amethyst_block":1,"minecraft:stone_pickaxe":68,"minecraft:wooden_pickaxe":8,"minecraft:stone_axe":1,"minecraft:torch":2,"minecraft:crafting_table":2},"minecraft:custom":{"minecraft:time_since_rest":16840,"minecraft:sprint_one_cm":29399,"minecraft:damage_taken":58,"minecraft:walk_one_cm":20590,"minecraft:drop":2,"minecraft:swim_one_cm":8432,"minecraft:interact_with_crafting_table":5,"minecraft:fly_one_cm":45374,"minecraft:crouch_one_cm":2152,"minecraft:play_time":16840,"minecraft:sneak_time":834,"minecraft:walk_under_water_one_cm":4939,"minecraft:jump":273,"minecraft:time_since_death":16840,"minecraft:walk_on_water_one_cm":4599,"minecraft:total_world_time":16840,"minecraft:fall_one_cm":7311},"minecraft:picked_up":{"minecraft:raw_iron":29,"minecraft:stick":1,"minecraft:crafting_table":2,"minecraft:torch":9,"minecraft:amethyst_shard":4,"minecraft:spruce_sapling":2,"minecraft:spruce_log":7,"minecraft:amethyst_block":9,"minecraft:lapis_lazuli":50,"minecraft:bone":4,"minecraft:emerald":4,"supplementaries:ash":6,"minecraft:coal":16,"minecraft:iron_boots":1,"minecraft:white_wool":3,"minecraft:cobblestone":11},"minecraft:mined":{"supplementaries:urn":6,"minecraft:iron_ore":29,"minecraft:amethyst_cluster":1,"minecraft:spruce_log":7,"minecraft:crafting_table":2,"minecraft:torch":2,"minecraft:budding_amethyst":1,"minecraft:coal_ore":16,"minecraft:lapis_ore":6,"minecraft:stone":11,"minecraft:white_wool":3,"minecraft:amethyst_block":9},"minecraft:dropped":{"minecraft:wooden_axe":1,"minecraft:wooden_pickaxe":1}},"DataVersion":3465}