{"stats":{"minecraft:crafted":{"minecraft:birch_boat":1,"minecraft:furnace":1,"minecraft:bone_meal":6,"minecraft:iron_boots":3,"minecraft:iron_axe":1,"minecraft:stone_pickaxe":1,"minecraft:chest":1,"minecraft:spruce_boat":3,"sophisticatedbackpacks:iron_backpack":1,"minecraft:cooked_beef":3,"minecraft:red_dye":3,"minecraft:diamond_sword":1,"sophisticatedbackpacks:backpack":3,"minecraft:crafting_table":7,"minecraft:spruce_planks":92,"minecraft:iron_helmet":1,"minecraft:wooden_pickaxe":1,"minecraft:baked_potato":18,"minecraft:birch_planks":24,"minecraft:stone_axe":1,"minecraft:air":0,"minecraft:yellow_dye":1,"minecraft:white_dye":3,"minecraft:stick":24,"minecraft:iron_ingot":39,"minecraft:wooden_axe":1,"minecraft:iron_leggings":3,"minecraft:redstone_torch":1,"minecraft:white_bed":2,"minecraft:torch":32},"minecraft:killed":{"iceandfire:gorgon":1,"minecraft:spider":8,"minecraft:skeleton":11,"alexsmobs:banana_slug":3,"minecraft:chicken":4,"minecraft:silverfish":2,"artifacts:mimic":1,"jeg:ghoul":2,"minecraft:pig":4,"minecraft:zombie_villager":1,"alexsmobs:seal":1,"minecraft:iron_golem":1,"minecraft:creeper":3,"alexsmobs:catfish":1,"minecraft:pillager":1,"alexsmobs:crocodile":1,"minecraft:zombie":16,"iceandfire:ghost":6,"iceandfire:pixie":1,"minecraft:cow":5},"minecraft:used":{"minecraft:moss_block":18,"minecraft:moss_carpet":1,"minecraft:ladder":5,"minecraft:spruce_planks":9,"minecraft:cooked_chicken":3,"minecraft:rotten_flesh":1,"minecraft:iron_chestplate":2,"minecraft:torch":30,"minecraft:dirt":13,"jeg:grenade":1,"minecraft:big_dripleaf":2,"minecraft:spruce_boat":6,"minecraft:wooden_axe":9,"minecraft:iron_axe":171,"minecraft:iron_helmet":1,"jeg:healing_talisman":4,"minecraft:barrel":2,"minecraft:beef":5,"minecraft:sweet_berries":22,"minecraft:furnace":3,"minecraft:cooked_cod":8,"minecraft:iron_leggings":1,"minecraft:cooked_beef":3,"minecraft:golden_axe":26,"alexsmobs:raw_catfish":2,"minecraft:cooked_mutton":2,"minecraft:amethyst_block":1,"minecraft:stone_pickaxe":72,"minecraft:baked_potato":17,"minecraft:birch_boat":1,"minecraft:wooden_pickaxe":8,"minecraft:white_wool":1,"minecraft:golden_apple":1,"minecraft:glow_berries":5,"minecraft:tnt":1,"minecraft:crafting_table":12,"minecraft:blast_furnace":2,"minecraft:white_bed":6,"minecraft:cod":3,"minecraft:redstone_torch":1,"minecraft:apple":1,"minecraft:chicken":1,"minecraft:iron_pickaxe":220,"minecraft:bread":8,"minecraft:map":1,"minecraft:gravel":8,"minecraft:golden_helmet":1,"minecraft:stone_axe":90,"minecraft:diamond_sword":80,"minecraft:wooden_sword":10,"minecraft:cobblestone":11,"minecraft:porkchop":6,"minecraft:pumpkin_pie":1,"minecraft:bone_meal":3},"minecraft:custom":{"minecraft:interact_with_smithing_table":1,"minecraft:mob_kills":79,"minecraft:interact_with_crafting_table":34,"minecraft:open_barrel":27,"minecraft:interact_with_campfire":8,"minecraft:leave_game":6,"minecraft:time_since_death":1000,"minecraft:climb_one_cm":21366,"minecraft:sprint_one_cm":546695,"minecraft:walk_one_cm":495036,"minecraft:drop":97,"minecraft:damage_dealt_absorbed":98,"minecraft:talked_to_villager":1,"minecraft:play_time":200218,"minecraft:sneak_time":4365,"minecraft:deaths":39,"minecraft:walk_under_water_one_cm":34816,"minecraft:boat_one_cm":27406,"minecraft:jump":3683,"minecraft:interact_with_blast_furnace":11,"minecraft:walk_on_water_one_cm":35526,"minecraft:total_world_time":200218,"minecraft:interact_with_furnace":12,"minecraft:interact_with_cartography_table":1,"minecraft:sleep_in_bed":5,"minecraft:time_since_rest":1034,"minecraft:waystone_activated":1,"minecraft:damage_taken":2147483647,"minecraft:trigger_trapped_chest":2,"minecraft:damage_dealt":14812,"minecraft:swim_one_cm":251858,"minecraft:fly_one_cm":566106,"minecraft:player_kills":6,"minecraft:open_chest":9,"minecraft:crouch_one_cm":9367,"minecraft:fall_one_cm":112345},"minecraft:broken":{"minecraft:chainmail_leggings":1,"minecraft:iron_chestplate":1,"minecraft:iron_boots":1,"minecraft:iron_axe":1,"minecraft:stone_axe":1,"minecraft:iron_helmet":1},"minecraft:killed_by":{"minecraft:zombie_villager":1,"minecraft:player":3,"minecraft:creeper":2,"minecraft:spider":4,"alexsmobs:cachalot_whale":1,"minecraft:vindicator":4,"iceandfire:gorgon":1,"alexsmobs:crocodile":3,"minecraft:skeleton":5,"minecraft:zombie":4,"alexsmobs:grizzly_bear":5,"iceandfire:ghost":1},"minecraft:picked_up":{"minecraft:crafting_table":7,"minecraft:ladder":5,"minecraft:chicken":4,"minecraft:smithing_table":1,"minecraft:wither_rose":3,"minecraft:amethyst_block":9,"minecraft:raw_copper":2,"minecraft:string":10,"minecraft:moss_carpet":19,"minecraft:beetroot":14,"minecraft:cracked_stone_bricks":3,"minecraft:tnt_minecart":2,"minecraft:gold_nugget":42,"minecraft:cobbled_deepslate":25,"minecraft:spruce_planks":8,"minecraft:beef":10,"minecraft:redstone_torch":1,"minecraft:azalea":5,"minecraft:poppy":5,"minecraft:lectern":1,"minecraft:sugar_cane":2,"minecraft:egg":1,"minecraft:iron_boots":1,"minecraft:furnace":4,"artifacts:universal_attractor":2,"minecraft:stick":7,"minecraft:raw_iron":82,"minecraft:big_dripleaf":17,"minecraft:torch":94,"minecraft:porkchop":6,"minecraft:diorite":6,"minecraft:pointed_dripstone":15,"minecraft:redstone":105,"alexsmobs:crocodile_scute":2,"jeg:healing_talisman":4,"minecraft:arrow":10,"minecraft:rotten_flesh":19,"minecraft:cooked_cod":8,"supplementaries:antique_ink":1,"sophisticatedbackpacks:copper_backpack":1,"supplementaries:ash":52,"minecraft:skeleton_skull":1,"minecraft:iron_bars":7,"minecraft:glow_berries":2,"minecraft:mutton":2,"jeg:raw_brimstone":1,"minecraft:white_wool":8,"minecraft:cobblestone":59,"minecraft:birch_log":6,"minecraft:feather":3,"minecraft:glow_ink_sac":3,"minecraft:andesite":3,"minecraft:leather":5,"minecraft:flint":1,"supplementaries:flax_seeds":10,"iceandfire:ectoplasm":2,"jeg:scrap":7,"minecraft:gunpowder":1,"minecraft:lapis_lazuli":50,"minecraft:dirt":85,"iceandfire:pixie_house_mushroom_red":3,"jeg:grenade":3,"minecraft:cooked_mutton":2,"minecraft:bone":51,"minecraft:stone_bricks":1,"minecraft:kelp":1,"minecraft:wheat_seeds":16,"minecraft:raw_gold":13,"minecraft:grindstone":2,"minecraft:iron_ingot":5,"minecraft:cooked_chicken":3,"jeg:tech_trash":2,"minecraft:moss_block":60,"minecraft:flowering_azalea":3,"minecraft:book":18,"minecraft:sweet_berries":29,"minecraft:chiseled_stone_bricks":1,"minecraft:dandelion":1,"minecraft:gravel":53,"iceandfire:pixie_house_birch":3,"minecraft:amethyst_shard":4,"minecraft:spruce_sapling":7,"minecraft:blast_furnace":3,"minecraft:ink_sac":18,"minecraft:white_bed":5,"minecraft:spruce_log":97,"minecraft:spider_eye":4,"minecraft:barrel":2,"alexsmobs:raw_catfish":2,"minecraft:spruce_boat":6,"jeg:ectoplasm":1,"minecraft:diamond":4,"iceandfire:pixie_house_spruce":1,"minecraft:emerald":4,"iceandfire:gorgon_head":1,"alexsmobs:maggot":1,"alexsmobs:banana_slug_slime":3,"minecraft:oak_sapling":1,"minecraft:coal":65,"iceandfire:raw_silver":1},"minecraft:mined":{"jeg:brimstone_ore":1,"minecraft:spruce_planks":5,"minecraft:white_bed":3,"iceandfire:silver_ore":1,"minecraft:deepslate_diamond_ore":4,"iceandfire:pixie_house_birch":1,"minecraft:cave_vines_plant":2,"minecraft:ladder":4,"minecraft:budding_amethyst":1,"minecraft:grass_block":17,"minecraft:spruce_leaves":41,"minecraft:moss_block":41,"minecraft:kelp":2,"minecraft:tall_seagrass":2,"minecraft:large_fern":5,"minecraft:redstone_ore":23,"minecraft:furnace":4,"minecraft:iron_ore":57,"minecraft:moss_carpet":1,"minecraft:deepslate_iron_ore":2,"minecraft:big_dripleaf_stem":3,"minecraft:vine":7,"minecraft:bookshelf":6,"minecraft:pointed_dripstone":5,"minecraft:cave_vines":1,"minecraft:dirt_path":1,"minecraft:iron_bars":2,"iceandfire:pixie_house_spruce":1,"minecraft:azalea":2,"minecraft:stone":46,"minecraft:white_wool":7,"minecraft:smithing_table":1,"minecraft:deepslate_redstone_ore":1,"jeg:scrap_ore":5,"minecraft:kelp_plant":2,"minecraft:amethyst_cluster":1,"minecraft:dandelion":1,"minecraft:crafting_table":7,"minecraft:torch":6,"minecraft:blast_furnace":3,"minecraft:poppy":5,"minecraft:lectern":1,"minecraft:copper_ore":1,"minecraft:tall_grass":9,"minecraft:cobblestone":5,"minecraft:lapis_ore":6,"minecraft:deepslate_gold_ore":7,"minecraft:grindstone":3,"minecraft:diorite":6,"minecraft:wall_torch":2,"minecraft:amethyst_block":9,"minecraft:big_dripleaf":1,"minecraft:skeleton_skull":2,"supplementaries:urn":37,"minecraft:coarse_dirt":1,"minecraft:birch_log":6,"minecraft:sweet_berry_bush":10,"minecraft:birch_leaves":5,"minecraft:spruce_log":106,"iceandfire:pixie_house_mushroom_red":3,"minecraft:wither_rose":2,"minecraft:grass":10,"minecraft:oak_log":10,"minecraft:coal_ore":36,"minecraft:gravel":22,"minecraft:dirt":2,"minecraft:cobweb":1,"minecraft:gold_ore":3,"minecraft:oak_leaves":10,"minecraft:deepslate":23,"minecraft:fern":6},"minecraft:dropped":{"iceandfire:pixie_house_mushroom_red":3,"minecraft:moss_block":42,"minecraft:wheat_seeds":15,"minecraft:golden_helmet":1,"minecraft:cobblestone":62,"minecraft:iron_helmet":1,"minecraft:glow_berries":1,"minecraft:leather":1,"minecraft:cracked_stone_bricks":2,"artifacts:universal_attractor":1,"minecraft:flint":1,"minecraft:stick":4,"minecraft:dirt":58,"minecraft:ink_sac":3,"minecraft:torch":30,"minecraft:wooden_axe":1,"minecraft:gold_nugget":42,"minecraft:iron_leggings":2,"minecraft:wooden_sword":1,"minecraft:flowering_azalea":2,"minecraft:iron_shovel":1,"minecraft:string":2,"iceandfire:pixie_house_birch":2,"minecraft:white_wool":1,"minecraft:spruce_sapling":2,"minecraft:gravel":39,"minecraft:moss_carpet":11,"minecraft:sweet_berries":2,"minecraft:sugar_cane":2,"minecraft:cobbled_deepslate":2,"minecraft:beetroot":14,"minecraft:rotten_flesh":16,"minecraft:iron_boots":1,"minecraft:filled_map":1,"minecraft:big_dripleaf":5,"minecraft:poppy":2,"supplementaries:flax_seeds":9,"supplementaries:ash":8,"minecraft:iron_chestplate":2,"minecraft:oak_sapling":1,"minecraft:azalea":4,"minecraft:spider_eye":4,"minecraft:arrow":2,"minecraft:wooden_pickaxe":1,"minecraft:stone_pickaxe":1}},"DataVersion":3465}