{"stats":{"minecraft:crafted":{"minecraft:furnace":1,"minecraft:bone_meal":6,"minecraft:iron_boots":1,"minecraft:iron_axe":1,"minecraft:stone_pickaxe":1,"minecraft:chest":1,"sophisticatedbackpacks:iron_backpack":1,"minecraft:cooked_beef":3,"minecraft:red_dye":3,"sophisticatedbackpacks:backpack":3,"minecraft:crafting_table":2,"minecraft:spruce_planks":36,"minecraft:wooden_pickaxe":1,"minecraft:baked_potato":18,"minecraft:stone_axe":1,"minecraft:air":0,"minecraft:yellow_dye":1,"minecraft:white_dye":3,"minecraft:stick":8,"minecraft:iron_ingot":29,"minecraft:wooden_axe":1,"minecraft:iron_leggings":1,"minecraft:white_bed":2},"minecraft:killed":{"minecraft:spider":6,"minecraft:skeleton":6,"alexsmobs:banana_slug":3,"minecraft:chicken":3,"artifacts:mimic":1,"jeg:ghoul":2,"minecraft:zombie_villager":1,"minecraft:iron_golem":1,"minecraft:creeper":2,"minecraft:zombie":13,"iceandfire:ghost":3,"minecraft:cow":4},"minecraft:used":{"minecraft:moss_block":18,"minecraft:moss_carpet":1,"minecraft:ladder":5,"minecraft:spruce_planks":9,"minecraft:iron_chestplate":1,"minecraft:torch":26,"minecraft:dirt":5,"minecraft:big_dripleaf":2,"minecraft:wooden_axe":9,"minecraft:iron_axe":163,"minecraft:iron_helmet":1,"jeg:healing_talisman":2,"minecraft:beef":4,"minecraft:sweet_berries":3,"minecraft:furnace":3,"minecraft:cooked_cod":8,"minecraft:cooked_mutton":2,"minecraft:amethyst_block":1,"minecraft:stone_pickaxe":72,"minecraft:baked_potato":17,"minecraft:wooden_pickaxe":8,"minecraft:glow_berries":5,"minecraft:crafting_table":7,"minecraft:blast_furnace":1,"minecraft:white_bed":4,"minecraft:cod":3,"minecraft:apple":1,"minecraft:map":1,"minecraft:bread":8,"minecraft:iron_pickaxe":114,"minecraft:gravel":8,"minecraft:stone_axe":90,"minecraft:cobblestone":5,"minecraft:pumpkin_pie":1,"minecraft:bone_meal":3},"minecraft:custom":{"minecraft:interact_with_smithing_table":1,"minecraft:mob_kills":48,"minecraft:interact_with_crafting_table":18,"minecraft:open_barrel":15,"minecraft:interact_with_campfire":8,"minecraft:leave_game":3,"minecraft:time_since_death":34961,"minecraft:climb_one_cm":19490,"minecraft:sprint_one_cm":264766,"minecraft:walk_one_cm":216433,"minecraft:drop":69,"minecraft:talked_to_villager":1,"minecraft:play_time":96715,"minecraft:sneak_time":2656,"minecraft:deaths":7,"minecraft:walk_under_water_one_cm":14084,"minecraft:jump":1842,"minecraft:interact_with_blast_furnace":5,"minecraft:walk_on_water_one_cm":18810,"minecraft:total_world_time":96715,"minecraft:interact_with_furnace":12,"minecraft:interact_with_cartography_table":1,"minecraft:sleep_in_bed":3,"minecraft:time_since_rest":10370,"minecraft:damage_taken":3747,"minecraft:trigger_trapped_chest":1,"minecraft:damage_dealt":8669,"minecraft:swim_one_cm":124959,"minecraft:fly_one_cm":283443,"minecraft:open_chest":8,"minecraft:crouch_one_cm":4351,"minecraft:fall_one_cm":54429},"minecraft:broken":{"minecraft:stone_axe":1},"minecraft:killed_by":{"minecraft:zombie_villager":1,"minecraft:creeper":1,"alexsmobs:cachalot_whale":1,"minecraft:skeleton":4},"minecraft:picked_up":{"minecraft:crafting_table":7,"minecraft:chicken":3,"minecraft:ladder":5,"minecraft:smithing_table":1,"minecraft:amethyst_block":9,"minecraft:moss_carpet":19,"minecraft:string":6,"minecraft:beetroot":14,"minecraft:tnt_minecart":2,"minecraft:gold_nugget":42,"minecraft:cobbled_deepslate":17,"minecraft:spruce_planks":5,"minecraft:beef":9,"minecraft:azalea":5,"minecraft:poppy":5,"minecraft:lectern":1,"minecraft:iron_boots":1,"minecraft:furnace":4,"artifacts:universal_attractor":2,"minecraft:stick":5,"minecraft:raw_iron":55,"minecraft:big_dripleaf":17,"minecraft:torch":89,"minecraft:pointed_dripstone":15,"minecraft:redstone":95,"jeg:healing_talisman":2,"minecraft:arrow":4,"minecraft:cooked_cod":8,"minecraft:rotten_flesh":17,"supplementaries:antique_ink":1,"supplementaries:ash":52,"minecraft:mutton":2,"minecraft:glow_berries":2,"jeg:raw_brimstone":1,"minecraft:cobblestone":32,"minecraft:white_wool":8,"minecraft:feather":2,"minecraft:leather":5,"minecraft:flint":1,"supplementaries:flax_seeds":9,"iceandfire:ectoplasm":1,"minecraft:lapis_lazuli":50,"minecraft:dirt":63,"jeg:grenade":1,"minecraft:cooked_mutton":2,"minecraft:bone":43,"minecraft:kelp":1,"minecraft:wheat_seeds":14,"minecraft:raw_gold":8,"minecraft:grindstone":2,"minecraft:iron_ingot":5,"minecraft:cooked_chicken":3,"minecraft:moss_block":60,"minecraft:flowering_azalea":3,"minecraft:book":18,"minecraft:sweet_berries":3,"minecraft:dandelion":1,"minecraft:gravel":47,"minecraft:amethyst_shard":4,"minecraft:spruce_sapling":4,"minecraft:blast_furnace":2,"minecraft:ink_sac":1,"minecraft:white_bed":3,"minecraft:spruce_log":87,"minecraft:barrel":2,"minecraft:spider_eye":4,"jeg:ectoplasm":1,"minecraft:diamond":4,"minecraft:emerald":4,"alexsmobs:banana_slug_slime":3,"minecraft:coal":43},"minecraft:mined":{"jeg:brimstone_ore":1,"minecraft:spruce_planks":5,"minecraft:white_bed":2,"minecraft:deepslate_diamond_ore":4,"minecraft:ladder":4,"minecraft:cave_vines_plant":2,"minecraft:budding_amethyst":1,"minecraft:grass_block":7,"minecraft:spruce_leaves":28,"minecraft:moss_block":41,"minecraft:kelp":1,"minecraft:large_fern":1,"minecraft:redstone_ore":21,"minecraft:furnace":4,"minecraft:iron_ore":49,"minecraft:moss_carpet":1,"minecraft:big_dripleaf_stem":3,"minecraft:pointed_dripstone":5,"minecraft:bookshelf":6,"minecraft:cave_vines":1,"minecraft:dirt_path":1,"minecraft:azalea":2,"minecraft:stone":24,"minecraft:white_wool":6,"minecraft:smithing_table":1,"minecraft:deepslate_redstone_ore":1,"minecraft:amethyst_cluster":1,"minecraft:dandelion":1,"minecraft:crafting_table":7,"minecraft:torch":6,"minecraft:blast_furnace":2,"minecraft:poppy":5,"minecraft:lectern":1,"minecraft:tall_grass":5,"minecraft:cobblestone":5,"minecraft:deepslate_gold_ore":5,"minecraft:lapis_ore":6,"minecraft:grindstone":3,"minecraft:wall_torch":1,"minecraft:amethyst_block":9,"minecraft:big_dripleaf":1,"supplementaries:urn":35,"minecraft:coarse_dirt":1,"minecraft:sweet_berry_bush":1,"minecraft:spruce_log":96,"minecraft:grass":9,"minecraft:coal_ore":24,"minecraft:gravel":22,"minecraft:dirt":1,"minecraft:oak_leaves":4,"minecraft:deepslate":15,"minecraft:fern":3},"minecraft:dropped":{"minecraft:moss_block":42,"minecraft:wheat_seeds":14,"minecraft:glow_berries":1,"artifacts:universal_attractor":1,"minecraft:stick":4,"minecraft:dirt":58,"minecraft:torch":30,"minecraft:wooden_axe":1,"minecraft:flowering_azalea":2,"minecraft:string":2,"minecraft:spruce_sapling":2,"minecraft:gravel":39,"minecraft:moss_carpet":11,"minecraft:cobbled_deepslate":2,"minecraft:beetroot":14,"minecraft:rotten_flesh":14,"minecraft:filled_map":1,"minecraft:poppy":2,"minecraft:big_dripleaf":5,"supplementaries:flax_seeds":8,"supplementaries:ash":8,"minecraft:azalea":4,"minecraft:spider_eye":4,"minecraft:arrow":2,"minecraft:wooden_pickaxe":1,"minecraft:stone_pickaxe":1}},"DataVersion":3465}