{"stats":{"minecraft:crafted":{"minecraft:furnace":1,"minecraft:bone_meal":6,"minecraft:iron_boots":1,"minecraft:iron_axe":1,"minecraft:stone_pickaxe":1,"minecraft:chest":1,"sophisticatedbackpacks:iron_backpack":1,"minecraft:red_dye":3,"sophisticatedbackpacks:backpack":3,"minecraft:crafting_table":1,"minecraft:spruce_planks":32,"minecraft:wooden_pickaxe":1,"minecraft:baked_potato":18,"minecraft:stone_axe":1,"minecraft:air":0,"minecraft:yellow_dye":1,"minecraft:white_dye":3,"minecraft:stick":8,"minecraft:iron_ingot":29,"minecraft:wooden_axe":1,"minecraft:iron_leggings":1,"minecraft:white_bed":1},"minecraft:killed":{"minecraft:spider":5,"minecraft:skeleton":1,"alexsmobs:banana_slug":3,"artifacts:mimic":1,"jeg:ghoul":2,"minecraft:iron_golem":1,"minecraft:creeper":1,"minecraft:zombie":4,"iceandfire:ghost":2,"minecraft:cow":3},"minecraft:used":{"minecraft:moss_block":11,"minecraft:ladder":2,"minecraft:spruce_planks":9,"minecraft:iron_chestplate":1,"minecraft:torch":8,"minecraft:big_dripleaf":2,"minecraft:wooden_axe":9,"minecraft:iron_axe":92,"minecraft:iron_helmet":1,"jeg:healing_talisman":2,"minecraft:beef":4,"minecraft:sweet_berries":3,"minecraft:furnace":1,"minecraft:amethyst_block":1,"minecraft:stone_pickaxe":72,"minecraft:baked_potato":9,"minecraft:wooden_pickaxe":8,"minecraft:glow_berries":3,"minecraft:crafting_table":6,"minecraft:blast_furnace":1,"minecraft:white_bed":1,"minecraft:apple":1,"minecraft:bread":8,"minecraft:iron_pickaxe":30,"minecraft:gravel":8,"minecraft:stone_axe":90,"minecraft:cobblestone":5,"minecraft:pumpkin_pie":1,"minecraft:bone_meal":3},"minecraft:custom":{"minecraft:interact_with_smithing_table":1,"minecraft:mob_kills":23,"minecraft:interact_with_crafting_table":17,"minecraft:open_barrel":13,"minecraft:leave_game":1,"minecraft:time_since_death":3598,"minecraft:climb_one_cm":1516,"minecraft:sprint_one_cm":130537,"minecraft:walk_one_cm":122503,"minecraft:drop":15,"minecraft:talked_to_villager":1,"minecraft:play_time":51825,"minecraft:deaths":2,"minecraft:sneak_time":1689,"minecraft:walk_under_water_one_cm":8998,"minecraft:jump":1006,"minecraft:interact_with_blast_furnace":5,"minecraft:walk_on_water_one_cm":10867,"minecraft:total_world_time":51825,"minecraft:interact_with_furnace":6,"minecraft:interact_with_cartography_table":1,"minecraft:sleep_in_bed":1,"minecraft:time_since_rest":3626,"minecraft:damage_taken":1684,"minecraft:damage_dealt":4908,"minecraft:fly_one_cm":156615,"minecraft:swim_one_cm":89285,"minecraft:open_chest":6,"minecraft:crouch_one_cm":3058,"minecraft:fall_one_cm":29032},"minecraft:broken":{"minecraft:stone_axe":1},"minecraft:killed_by":{"alexsmobs:cachalot_whale":1,"minecraft:skeleton":1},"minecraft:picked_up":{"minecraft:crafting_table":6,"minecraft:ladder":2,"minecraft:smithing_table":1,"minecraft:amethyst_block":9,"minecraft:string":4,"minecraft:moss_carpet":7,"minecraft:gold_nugget":42,"minecraft:spruce_planks":5,"minecraft:beef":6,"minecraft:azalea":1,"minecraft:poppy":5,"minecraft:lectern":1,"minecraft:iron_boots":1,"minecraft:furnace":2,"artifacts:universal_attractor":1,"minecraft:stick":5,"minecraft:raw_iron":29,"minecraft:big_dripleaf":15,"minecraft:torch":19,"minecraft:redstone":4,"jeg:healing_talisman":2,"minecraft:arrow":2,"minecraft:rotten_flesh":4,"supplementaries:ash":27,"minecraft:glow_berries":2,"minecraft:cobblestone":32,"minecraft:white_wool":3,"minecraft:leather":5,"minecraft:flint":1,"supplementaries:flax_seeds":2,"iceandfire:ectoplasm":1,"minecraft:lapis_lazuli":50,"minecraft:dirt":16,"jeg:grenade":1,"minecraft:bone":13,"minecraft:kelp":1,"minecraft:wheat_seeds":6,"minecraft:raw_gold":3,"minecraft:grindstone":2,"minecraft:iron_ingot":5,"minecraft:moss_block":25,"minecraft:flowering_azalea":1,"minecraft:book":18,"minecraft:sweet_berries":3,"minecraft:dandelion":1,"minecraft:gravel":21,"minecraft:amethyst_shard":4,"minecraft:spruce_sapling":4,"minecraft:ink_sac":1,"minecraft:blast_furnace":2,"minecraft:white_bed":1,"minecraft:spruce_log":87,"minecraft:spider_eye":1,"jeg:ectoplasm":1,"minecraft:emerald":4,"alexsmobs:banana_slug_slime":3,"minecraft:coal":33},"minecraft:mined":{"minecraft:spruce_planks":5,"minecraft:white_bed":1,"minecraft:ladder":1,"minecraft:cave_vines_plant":2,"minecraft:budding_amethyst":1,"minecraft:grass_block":2,"minecraft:spruce_leaves":14,"minecraft:moss_block":16,"minecraft:kelp":1,"minecraft:large_fern":1,"minecraft:furnace":2,"minecraft:iron_ore":29,"minecraft:big_dripleaf_stem":3,"minecraft:bookshelf":6,"minecraft:cave_vines":1,"minecraft:dirt_path":1,"minecraft:stone":24,"minecraft:white_wool":3,"minecraft:smithing_table":1,"minecraft:deepslate_redstone_ore":1,"minecraft:amethyst_cluster":1,"minecraft:dandelion":1,"minecraft:crafting_table":6,"minecraft:torch":6,"minecraft:blast_furnace":2,"minecraft:poppy":5,"minecraft:lectern":1,"minecraft:tall_grass":2,"minecraft:cobblestone":5,"minecraft:lapis_ore":6,"minecraft:grindstone":3,"minecraft:wall_torch":1,"minecraft:amethyst_block":9,"minecraft:big_dripleaf":1,"supplementaries:urn":18,"minecraft:coarse_dirt":1,"minecraft:sweet_berry_bush":1,"minecraft:spruce_log":96,"minecraft:grass":2,"minecraft:coal_ore":16,"minecraft:gravel":22,"minecraft:dirt":1,"minecraft:fern":3},"minecraft:dropped":{"minecraft:moss_block":1,"minecraft:wheat_seeds":3,"minecraft:stick":4,"minecraft:dirt":2,"minecraft:wooden_axe":1,"minecraft:spruce_sapling":2,"minecraft:poppy":2,"minecraft:big_dripleaf":3,"supplementaries:ash":6,"minecraft:wooden_pickaxe":1}},"DataVersion":3465}