{"stats":{"minecraft:crafted":{"minecraft:crafting_table":1,"minecraft:spruce_planks":28,"minecraft:wooden_pickaxe":1,"minecraft:stone_axe":1,"minecraft:stick":8,"minecraft:stone_pickaxe":1,"minecraft:wooden_axe":1,"minecraft:white_bed":1},"minecraft:killed":{"minecraft:spider":5,"minecraft:iron_golem":1,"minecraft:zombie":1,"iceandfire:ghost":2,"minecraft:cow":3},"minecraft:used":{"minecraft:amethyst_block":1,"minecraft:stone_pickaxe":72,"minecraft:spruce_planks":9,"minecraft:wooden_pickaxe":8,"minecraft:iron_chestplate":1,"minecraft:torch":4,"minecraft:crafting_table":3,"minecraft:blast_furnace":1,"minecraft:wooden_axe":9,"minecraft:apple":1,"minecraft:bread":8,"minecraft:iron_pickaxe":23,"minecraft:iron_helmet":1,"minecraft:stone_axe":50,"minecraft:cobblestone":1,"minecraft:beef":4,"minecraft:pumpkin_pie":1},"minecraft:custom":{"minecraft:interact_with_smithing_table":1,"minecraft:mob_kills":12,"minecraft:interact_with_crafting_table":6,"minecraft:time_since_death":28840,"minecraft:time_since_rest":28840,"minecraft:sprint_one_cm":61134,"minecraft:damage_taken":730,"minecraft:walk_one_cm":71435,"minecraft:drop":5,"minecraft:damage_dealt":2845,"minecraft:swim_one_cm":30552,"minecraft:talked_to_villager":1,"minecraft:fly_one_cm":77367,"minecraft:open_chest":5,"minecraft:crouch_one_cm":2941,"minecraft:play_time":28840,"minecraft:sneak_time":1535,"minecraft:walk_under_water_one_cm":5847,"minecraft:jump":519,"minecraft:interact_with_blast_furnace":1,"minecraft:walk_on_water_one_cm":6122,"minecraft:total_world_time":28840,"minecraft:fall_one_cm":14804},"minecraft:picked_up":{"minecraft:crafting_table":2,"minecraft:leather":5,"minecraft:smithing_table":1,"iceandfire:ectoplasm":1,"minecraft:amethyst_block":9,"minecraft:lapis_lazuli":50,"minecraft:dirt":1,"minecraft:string":4,"minecraft:bone":4,"minecraft:spruce_planks":5,"minecraft:grindstone":2,"minecraft:iron_ingot":5,"minecraft:beef":6,"minecraft:poppy":2,"minecraft:lectern":1,"minecraft:iron_boots":1,"minecraft:book":18,"minecraft:stick":1,"minecraft:raw_iron":29,"minecraft:torch":11,"minecraft:gravel":9,"minecraft:amethyst_shard":4,"minecraft:spruce_sapling":2,"minecraft:blast_furnace":1,"minecraft:spruce_log":7,"minecraft:spider_eye":1,"minecraft:emerald":4,"supplementaries:ash":6,"minecraft:coal":16,"minecraft:white_wool":3,"minecraft:cobblestone":21},"minecraft:mined":{"minecraft:smithing_table":1,"minecraft:spruce_planks":5,"minecraft:amethyst_cluster":1,"minecraft:crafting_table":2,"minecraft:torch":3,"minecraft:budding_amethyst":1,"minecraft:blast_furnace":1,"minecraft:lectern":1,"minecraft:lapis_ore":6,"minecraft:grindstone":3,"minecraft:amethyst_block":9,"minecraft:large_fern":1,"supplementaries:urn":6,"minecraft:iron_ore":29,"minecraft:spruce_log":7,"minecraft:bookshelf":6,"minecraft:coal_ore":16,"minecraft:gravel":9,"minecraft:dirt":1,"minecraft:stone":21,"minecraft:white_wool":3},"minecraft:dropped":{"minecraft:poppy":2,"supplementaries:ash":6,"minecraft:wooden_axe":1,"minecraft:wooden_pickaxe":1,"minecraft:spruce_sapling":2}},"DataVersion":3465}