{"stats":{"minecraft:crafted":{"minecraft:red_dye":3,"sophisticatedbackpacks:backpack":3,"minecraft:crafting_table":1,"minecraft:spruce_planks":32,"minecraft:baked_potato":18,"minecraft:wooden_pickaxe":1,"minecraft:furnace":1,"minecraft:bone_meal":6,"minecraft:stone_axe":1,"minecraft:air":0,"minecraft:iron_boots":1,"minecraft:yellow_dye":1,"minecraft:white_dye":3,"minecraft:stick":8,"minecraft:iron_ingot":29,"minecraft:stone_pickaxe":1,"minecraft:wooden_axe":1,"minecraft:chest":1,"minecraft:iron_leggings":1,"minecraft:white_bed":1,"sophisticatedbackpacks:iron_backpack":1},"minecraft:used":{"minecraft:amethyst_block":1,"minecraft:stone_pickaxe":72,"minecraft:baked_potato":4,"minecraft:spruce_planks":9,"minecraft:wooden_pickaxe":8,"minecraft:iron_chestplate":1,"minecraft:torch":6,"minecraft:crafting_table":5,"minecraft:blast_furnace":1,"minecraft:white_bed":1,"minecraft:wooden_axe":9,"minecraft:apple":1,"minecraft:bread":8,"minecraft:iron_pickaxe":28,"minecraft:iron_helmet":1,"jeg:healing_talisman":2,"minecraft:gravel":8,"minecraft:stone_axe":56,"minecraft:cobblestone":5,"minecraft:beef":4,"minecraft:furnace":1,"minecraft:pumpkin_pie":1,"minecraft:bone_meal":3},"minecraft:killed":{"jeg:ghoul":1,"minecraft:spider":5,"minecraft:iron_golem":1,"alexsmobs:banana_slug":1,"minecraft:zombie":1,"iceandfire:ghost":2,"minecraft:cow":3},"minecraft:custom":{"minecraft:interact_with_smithing_table":1,"minecraft:interact_with_furnace":5,"minecraft:mob_kills":14,"minecraft:interact_with_crafting_table":15,"minecraft:sleep_in_bed":1,"minecraft:time_since_death":5468,"minecraft:time_since_rest":5499,"minecraft:sprint_one_cm":91818,"minecraft:damage_taken":1206,"minecraft:walk_one_cm":89504,"minecraft:drop":10,"minecraft:damage_dealt":3035,"minecraft:swim_one_cm":69624,"minecraft:talked_to_villager":1,"minecraft:fly_one_cm":112083,"minecraft:open_chest":5,"minecraft:crouch_one_cm":3058,"minecraft:play_time":40840,"minecraft:deaths":1,"minecraft:sneak_time":1611,"minecraft:walk_under_water_one_cm":8688,"minecraft:jump":743,"minecraft:interact_with_blast_furnace":5,"minecraft:walk_on_water_one_cm":8649,"minecraft:total_world_time":40840,"minecraft:fall_one_cm":23192},"minecraft:killed_by":{"alexsmobs:cachalot_whale":1},"minecraft:picked_up":{"minecraft:crafting_table":5,"minecraft:leather":5,"minecraft:smithing_table":1,"minecraft:flint":1,"iceandfire:ectoplasm":1,"minecraft:amethyst_block":9,"minecraft:lapis_lazuli":50,"minecraft:dirt":14,"minecraft:string":4,"minecraft:bone":4,"minecraft:kelp":1,"minecraft:wheat_seeds":3,"minecraft:spruce_planks":5,"minecraft:grindstone":2,"minecraft:iron_ingot":5,"minecraft:beef":6,"minecraft:poppy":5,"minecraft:lectern":1,"minecraft:furnace":1,"minecraft:iron_boots":1,"minecraft:book":18,"minecraft:stick":3,"minecraft:raw_iron":29,"minecraft:torch":14,"minecraft:dandelion":1,"minecraft:gravel":19,"minecraft:amethyst_shard":4,"minecraft:ink_sac":1,"minecraft:spruce_sapling":2,"minecraft:blast_furnace":2,"minecraft:white_bed":1,"minecraft:spruce_log":7,"minecraft:spider_eye":1,"jeg:healing_talisman":2,"minecraft:rotten_flesh":1,"jeg:ectoplasm":1,"minecraft:emerald":4,"alexsmobs:banana_slug_slime":1,"supplementaries:ash":6,"minecraft:coal":25,"minecraft:white_wool":3,"minecraft:cobblestone":32},"minecraft:mined":{"minecraft:smithing_table":1,"minecraft:spruce_planks":5,"minecraft:white_bed":1,"minecraft:amethyst_cluster":1,"minecraft:dandelion":1,"minecraft:crafting_table":5,"minecraft:torch":6,"minecraft:budding_amethyst":1,"minecraft:blast_furnace":2,"minecraft:grass_block":1,"minecraft:poppy":5,"minecraft:lectern":1,"minecraft:tall_grass":1,"minecraft:cobblestone":5,"minecraft:spruce_leaves":11,"minecraft:lapis_ore":6,"minecraft:grindstone":3,"minecraft:kelp":1,"minecraft:amethyst_block":9,"minecraft:large_fern":1,"supplementaries:urn":6,"minecraft:furnace":1,"minecraft:iron_ore":29,"minecraft:spruce_log":7,"minecraft:bookshelf":6,"minecraft:coal_ore":16,"minecraft:gravel":20,"minecraft:dirt":1,"minecraft:stone":24,"minecraft:white_wool":3,"minecraft:fern":2},"minecraft:dropped":{"minecraft:wheat_seeds":3,"minecraft:stick":2,"minecraft:poppy":2,"supplementaries:ash":6,"minecraft:wooden_axe":1,"minecraft:wooden_pickaxe":1,"minecraft:spruce_sapling":2}},"DataVersion":3465}