{"stats":{"minecraft:crafted":{"minecraft:crafting_table":2,"minecraft:spruce_planks":76,"minecraft:stick":8,"minecraft:wooden_pickaxe":1,"minecraft:stone_pickaxe":2,"minecraft:wooden_axe":1,"minecraft:white_bed":1,"minecraft:diorite_stairs":12,"minecraft:cobblestone_stairs":8,"minecraft:torch":8},"minecraft:used":{"minecraft:wooden_axe":54,"minecraft:cobblestone_stairs":8,"minecraft:stone_pickaxe":144,"minecraft:wooden_pickaxe":31,"minecraft:torch":6,"minecraft:cobblestone":13,"minecraft:crafting_table":2,"minecraft:white_bed":1,"minecraft:diorite_stairs":13},"minecraft:custom":{"minecraft:time_since_rest":5292,"minecraft:sprint_one_cm":21043,"minecraft:walk_one_cm":37021,"minecraft:interact_with_crafting_table":11,"minecraft:fly_one_cm":16441,"minecraft:play_time":13241,"minecraft:sneak_time":18,"minecraft:jump":174,"minecraft:time_since_death":13241,"minecraft:sleep_in_bed":1,"minecraft:total_world_time":13241,"minecraft:fall_one_cm":2150},"minecraft:picked_up":{"minecraft:birch_log":17,"minecraft:stick":4,"minecraft:andesite":11,"minecraft:spruce_sapling":3,"minecraft:diorite":39,"minecraft:spruce_log":28,"minecraft:lily_of_the_valley":1,"minecraft:diorite_stairs":2,"minecraft:dirt":8,"minecraft:granite":75,"minecraft:birch_sapling":7,"minecraft:coal":3,"minecraft:white_wool":3,"minecraft:cobblestone":35},"minecraft:broken":{"minecraft:stone_pickaxe":1},"minecraft:mined":{"minecraft:birch_log":17,"minecraft:lily_of_the_valley":1,"minecraft:spruce_log":31,"minecraft:andesite":11,"minecraft:granite":75,"minecraft:grass":1,"minecraft:coal_ore":3,"minecraft:dirt":8,"minecraft:diorite_stairs":2,"minecraft:stone":37,"minecraft:white_wool":3,"minecraft:diorite":39}},"DataVersion":3465}