{"stats":{"minecraft:crafted":{"minecraft:wooden_sword":1,"minecraft:crafting_table":2,"minecraft:spruce_planks":76,"minecraft:stick":12,"minecraft:wooden_pickaxe":1,"minecraft:stone_pickaxe":2,"minecraft:wooden_axe":1,"minecraft:white_bed":1,"minecraft:diorite_stairs":12,"minecraft:cobblestone_stairs":8,"minecraft:birch_planks":8,"minecraft:torch":8},"minecraft:killed":{"alexsmobs:blue_jay":1,"minecraft:cow":2},"minecraft:used":{"minecraft:wooden_axe":57,"minecraft:cobblestone_stairs":8,"minecraft:stone_pickaxe":151,"minecraft:wooden_pickaxe":31,"minecraft:torch":6,"minecraft:wooden_sword":12,"minecraft:dirt":6,"minecraft:cobblestone":13,"minecraft:sweet_berries":2,"minecraft:crafting_table":2,"minecraft:white_bed":4,"minecraft:diorite_stairs":13},"minecraft:custom":{"minecraft:time_since_rest":3101,"minecraft:sprint_one_cm":66153,"minecraft:damage_taken":510,"minecraft:walk_one_cm":54093,"minecraft:trigger_trapped_chest":1,"minecraft:mob_kills":3,"minecraft:damage_dealt":442,"minecraft:swim_one_cm":68340,"minecraft:interact_with_crafting_table":13,"minecraft:fly_one_cm":52680,"minecraft:play_time":25241,"minecraft:deaths":2,"minecraft:sneak_time":141,"minecraft:walk_under_water_one_cm":11993,"minecraft:jump":356,"minecraft:walk_on_water_one_cm":8931,"minecraft:time_since_death":6298,"minecraft:sleep_in_bed":3,"minecraft:total_world_time":25241,"minecraft:fall_one_cm":5529},"minecraft:killed_by":{"iceandfire:ghost":1},"minecraft:picked_up":{"minecraft:birch_log":19,"minecraft:stick":4,"minecraft:feather":1,"minecraft:sweet_berries":13,"minecraft:andesite":11,"minecraft:white_bed":3,"minecraft:spruce_sapling":3,"minecraft:diorite":39,"minecraft:spruce_log":28,"minecraft:lily_of_the_valley":1,"minecraft:mossy_cobblestone":1,"minecraft:diorite_stairs":2,"minecraft:dirt":14,"minecraft:beef":4,"minecraft:granite":75,"minecraft:birch_sapling":7,"minecraft:coal":3,"minecraft:egg":1,"minecraft:white_wool":3,"minecraft:cobblestone":36},"minecraft:broken":{"minecraft:stone_pickaxe":1},"minecraft:mined":{"minecraft:white_bed":3,"minecraft:mossy_cobblestone":1,"minecraft:birch_log":19,"minecraft:lily_of_the_valley":1,"minecraft:sweet_berry_bush":7,"minecraft:spruce_log":31,"minecraft:andesite":11,"minecraft:granite":75,"minecraft:grass":1,"minecraft:grass_block":4,"minecraft:coal_ore":3,"minecraft:dirt":10,"minecraft:cobblestone":1,"minecraft:spruce_leaves":2,"minecraft:diorite_stairs":2,"minecraft:stone":37,"minecraft:white_wool":3,"minecraft:diorite":39}},"DataVersion":3465}