{"stats":{"minecraft:crafted":{"minecraft:wooden_sword":1,"minecraft:crafting_table":4,"minecraft:spruce_planks":76,"minecraft:wooden_pickaxe":1,"minecraft:diorite_stairs":12,"minecraft:cobblestone_stairs":8,"minecraft:birch_planks":8,"minecraft:bread":12,"minecraft:stick":12,"minecraft:stone_pickaxe":2,"minecraft:wooden_axe":1,"minecraft:white_bed":2,"minecraft:torch":8,"minecraft:wheat":36},"minecraft:killed":{"minecraft:sheep":3,"alexsmobs:blue_jay":1,"minecraft:cow":2},"minecraft:used":{"minecraft:diorite_stairs":13,"minecraft:cobblestone_stairs":8,"minecraft:stone_pickaxe":154,"minecraft:wooden_pickaxe":31,"minecraft:torch":6,"minecraft:dirt":6,"minecraft:crafting_table":4,"minecraft:white_bed":5,"minecraft:granite":6,"minecraft:wooden_axe":64,"minecraft:enchanted_book":1,"minecraft:wooden_sword":15,"minecraft:cobblestone":13,"minecraft:sweet_berries":16,"minecraft:andesite":11,"minecraft:egg":1},"minecraft:custom":{"minecraft:mob_kills":6,"minecraft:interact_with_crafting_table":15,"minecraft:open_barrel":12,"minecraft:leave_game":1,"minecraft:time_since_death":626,"minecraft:sleep_in_bed":4,"minecraft:time_since_rest":659,"minecraft:sprint_one_cm":147766,"minecraft:damage_taken":1060,"minecraft:walk_one_cm":84655,"minecraft:trigger_trapped_chest":1,"minecraft:drop":1,"minecraft:damage_dealt":686,"minecraft:swim_one_cm":86924,"minecraft:talked_to_villager":2,"minecraft:fly_one_cm":77241,"minecraft:play_time":42072,"minecraft:deaths":4,"minecraft:sneak_time":154,"minecraft:walk_under_water_one_cm":13800,"minecraft:jump":586,"minecraft:walk_on_water_one_cm":11356,"minecraft:total_world_time":42072,"minecraft:fall_one_cm":12596},"minecraft:killed_by":{"minecraft:vindicator":1,"minecraft:pillager":1,"iceandfire:ghost":1},"minecraft:picked_up":{"minecraft:birch_log":19,"minecraft:feather":1,"minecraft:andesite":11,"minecraft:dirt":22,"minecraft:diorite_stairs":2,"minecraft:beef":4,"minecraft:birch_sapling":7,"minecraft:egg":1,"minecraft:stick":5,"minecraft:sweet_berries":13,"minecraft:spruce_sapling":3,"minecraft:diorite":39,"minecraft:white_bed":4,"minecraft:spruce_log":28,"minecraft:lily_of_the_valley":1,"minecraft:mossy_cobblestone":1,"minecraft:hay_block":4,"minecraft:granite":75,"minecraft:mutton":6,"minecraft:coal":3,"minecraft:cobblestone":36,"minecraft:white_wool":6},"minecraft:broken":{"minecraft:stone_pickaxe":1,"minecraft:wooden_axe":1},"minecraft:mined":{"minecraft:white_bed":4,"minecraft:mossy_cobblestone":1,"minecraft:lily_of_the_valley":1,"minecraft:granite":75,"minecraft:grass_block":8,"minecraft:cobblestone":1,"minecraft:diorite_stairs":2,"minecraft:spruce_leaves":5,"minecraft:diorite":39,"minecraft:hay_block":4,"minecraft:birch_log":19,"minecraft:sweet_berry_bush":7,"minecraft:spruce_log":31,"minecraft:andesite":11,"minecraft:grass":3,"minecraft:coal_ore":3,"minecraft:dirt":14,"minecraft:stone":37,"minecraft:white_wool":3,"minecraft:oak_leaves":7},"minecraft:dropped":{"minecraft:bread":12}},"DataVersion":3465}