{"stats":{"minecraft:crafted":{"minecraft:crafting_table":1,"minecraft:spruce_planks":12,"minecraft:stick":4,"minecraft:wooden_axe":1},"minecraft:used":{"minecraft:wooden_axe":5,"minecraft:crafting_table":1},"minecraft:custom":{"minecraft:jump":1,"minecraft:time_since_rest":1241,"minecraft:play_time":1241,"minecraft:time_since_death":1241,"minecraft:walk_one_cm":3550,"minecraft:total_world_time":1241,"minecraft:interact_with_crafting_table":3,"minecraft:fall_one_cm":538},"minecraft:picked_up":{"minecraft:spruce_log":7},"minecraft:mined":{"minecraft:spruce_log":7}},"DataVersion":3465}