{"stats":{"minecraft:crafted":{"minecraft:wooden_sword":2,"minecraft:crafting_table":3,"minecraft:spruce_planks":72,"minecraft:wooden_pickaxe":1,"minecraft:stick":12,"minecraft:stone_pickaxe":1,"minecraft:wooden_axe":1,"minecraft:stone_sword":1,"minecraft:spruce_boat":5},"minecraft:used":{"minecraft:stone_sword":11,"minecraft:stone_pickaxe":34,"minecraft:birch_boat":1,"minecraft:spruce_planks":3,"minecraft:wooden_pickaxe":5,"minecraft:rotten_flesh":1,"minecraft:dirt":1,"minecraft:crafting_table":3,"minecraft:spruce_boat":9,"minecraft:golden_helmet":1,"minecraft:wooden_sword":41,"minecraft:sweet_berries":6,"minecraft:porkchop":3,"alexsmobs:animal_dictionary":1,"minecraft:coarse_dirt":2},"minecraft:killed":{"jeg:ghoul":1,"minecraft:pig":2,"minecraft:spider":1,"minecraft:zombie":1,"alexsmobs:banana_slug":1},"minecraft:custom":{"minecraft:mob_kills":6,"minecraft:interact_with_crafting_table":8,"minecraft:leave_game":1,"minecraft:time_since_death":0,"minecraft:climb_one_cm":336,"minecraft:time_since_rest":168,"minecraft:sprint_one_cm":217330,"minecraft:damage_taken":2433,"minecraft:walk_one_cm":91300,"minecraft:trigger_trapped_chest":3,"minecraft:drop":1,"minecraft:damage_dealt":1684,"minecraft:swim_one_cm":17806,"minecraft:fly_one_cm":160038,"minecraft:player_kills":2,"minecraft:crouch_one_cm":1486,"minecraft:play_time":45321,"minecraft:deaths":8,"minecraft:sneak_time":663,"minecraft:walk_under_water_one_cm":6535,"minecraft:boat_one_cm":189922,"minecraft:jump":904,"minecraft:walk_on_water_one_cm":11206,"minecraft:total_world_time":45321,"minecraft:fall_one_cm":31356},"minecraft:killed_by":{"minecraft:player":2,"minecraft:skeleton":1,"iceandfire:siren":1,"iceandfire:ghost":3,"alexsmobs:cachalot_whale":1},"minecraft:picked_up":{"minecraft:coarse_dirt":2,"jeg:scrap":21,"minecraft:string":1,"minecraft:dirt":2,"minecraft:wooden_sword":1,"minecraft:stone_bricks":2,"jeg:tech_trash":4,"minecraft:golden_helmet":1,"minecraft:raw_iron":1,"minecraft:birch_boat":2,"minecraft:sweet_berries":5,"minecraft:porkchop":4,"minecraft:spruce_sapling":3,"minecraft:spruce_log":20,"minecraft:spider_eye":1,"minecraft:rotten_flesh":2,"minecraft:spruce_boat":5,"minecraft:oak_sapling":1,"minecraft:coal":8,"iceandfire:raw_silver":4,"minecraft:cobblestone":12},"minecraft:mined":{"minecraft:podzol":1,"jeg:scrap_ore":12,"iceandfire:silver_ore":4,"minecraft:grass_block":1,"minecraft:spruce_leaves":21,"minecraft:coarse_dirt":2,"minecraft:iron_ore":1,"minecraft:sweet_berry_bush":2,"minecraft:spruce_log":20,"minecraft:grass":1,"minecraft:coal_ore":8,"minecraft:vine":1,"minecraft:stone":12,"minecraft:stone_bricks":2,"minecraft:oak_leaves":9,"minecraft:fern":2},"minecraft:dropped":{"minecraft:porkchop":1}},"DataVersion":3465}