{"stats":{"minecraft:crafted":{"minecraft:wooden_sword":2,"minecraft:oak_planks":20,"minecraft:crafting_table":3,"minecraft:spruce_planks":76,"minecraft:wooden_pickaxe":1,"minecraft:air":0,"iceandfire:bestiary":1,"minecraft:stick":16,"minecraft:iron_pickaxe":1,"minecraft:iron_ingot":3,"minecraft:stone_pickaxe":1,"minecraft:wooden_axe":1,"minecraft:stone_sword":1,"minecraft:gold_ingot":5,"minecraft:spruce_boat":5,"minecraft:torch":4},"minecraft:used":{"minecraft:stone_sword":67,"minecraft:stone_pickaxe":35,"minecraft:oak_planks":16,"minecraft:wooden_pickaxe":5,"minecraft:spruce_planks":3,"minecraft:birch_boat":1,"minecraft:rotten_flesh":3,"minecraft:torch":3,"minecraft:dirt":1,"minecraft:crafting_table":3,"minecraft:spruce_boat":10,"minecraft:wooden_axe":7,"minecraft:iron_pickaxe":7,"minecraft:golden_helmet":1,"minecraft:wooden_sword":41,"minecraft:cobblestone":6,"minecraft:sweet_berries":6,"minecraft:porkchop":3,"alexsmobs:animal_dictionary":1,"minecraft:coarse_dirt":2},"minecraft:killed":{"jeg:ghoul":1,"minecraft:pig":2,"alexsmobs:seal":1,"minecraft:spider":3,"iceandfire:ghost":1,"minecraft:zombie":4,"alexsmobs:banana_slug":1,"minecraft:glow_squid":1,"minecraft:cow":1},"minecraft:custom":{"minecraft:mob_kills":15,"minecraft:interact_with_crafting_table":14,"minecraft:open_barrel":4,"minecraft:leave_game":2,"minecraft:time_since_death":544,"minecraft:climb_one_cm":1518,"minecraft:time_since_rest":583,"minecraft:sprint_one_cm":323491,"minecraft:damage_taken":2147483647,"minecraft:walk_one_cm":173340,"minecraft:trigger_trapped_chest":4,"minecraft:drop":5,"minecraft:damage_dealt":4280,"minecraft:swim_one_cm":69125,"minecraft:fly_one_cm":233065,"minecraft:player_kills":3,"minecraft:crouch_one_cm":4656,"minecraft:play_time":79730,"minecraft:deaths":22,"minecraft:sneak_time":3391,"minecraft:walk_under_water_one_cm":32647,"minecraft:boat_one_cm":189942,"minecraft:jump":1395,"minecraft:interact_with_blast_furnace":6,"minecraft:walk_on_water_one_cm":20159,"minecraft:total_world_time":79730,"minecraft:fall_one_cm":70130},"minecraft:broken":{"minecraft:iron_chestplate":1,"minecraft:iron_leggings":1,"minecraft:chainmail_helmet":1},"minecraft:killed_by":{"iceandfire:gorgon":2,"minecraft:player":6,"alexsmobs:crocodile":2,"minecraft:skeleton":1,"iceandfire:siren":1,"iceandfire:ghost":4,"alexsmobs:cachalot_whale":1},"minecraft:picked_up":{"minecraft:coarse_dirt":2,"minecraft:iron_chestplate":2,"minecraft:glow_ink_sac":3,"minecraft:leather":3,"minecraft:flint":1,"minecraft:oak_log":5,"jeg:scrap":21,"minecraft:string":3,"minecraft:dirt":3,"minecraft:raw_copper":5,"iceandfire:pixie_house_mushroom_red":3,"minecraft:wooden_sword":1,"minecraft:iron_leggings":2,"minecraft:iron_shovel":1,"minecraft:stone_bricks":2,"minecraft:gold_nugget":42,"minecraft:spruce_planks":3,"minecraft:sugar_cane":5,"jeg:tech_trash":4,"minecraft:iron_boots":1,"minecraft:golden_helmet":1,"minecraft:stick":1,"minecraft:raw_iron":1,"minecraft:birch_boat":2,"minecraft:sweet_berries":5,"minecraft:porkchop":4,"minecraft:spruce_sapling":3,"minecraft:ink_sac":2,"minecraft:spruce_log":21,"alexsmobs:crocodile_scute":1,"minecraft:spider_eye":2,"minecraft:rotten_flesh":3,"minecraft:spruce_boat":5,"supplementaries:antique_ink":2,"minecraft:iron_helmet":1,"minecraft:oak_sapling":3,"minecraft:skeleton_skull":1,"minecraft:iron_bars":1,"iceandfire:raw_silver":4,"minecraft:coal":11,"minecraft:white_wool":1,"minecraft:cobblestone":76},"minecraft:mined":{"minecraft:podzol":1,"minecraft:white_bed":1,"jeg:scrap_ore":12,"iceandfire:silver_ore":4,"minecraft:grass_block":1,"minecraft:spruce_leaves":22,"minecraft:sugar_cane":2,"supplementaries:urn":2,"minecraft:large_fern":1,"minecraft:coarse_dirt":2,"minecraft:iron_ore":1,"minecraft:sweet_berry_bush":2,"minecraft:spruce_log":21,"minecraft:birch_leaves":1,"minecraft:grass":1,"minecraft:oak_log":5,"minecraft:coal_ore":13,"minecraft:vine":2,"minecraft:iron_bars":1,"minecraft:stone":13,"minecraft:stone_bricks":2,"minecraft:oak_leaves":14,"minecraft:fern":2},"minecraft:dropped":{"minecraft:porkchop":1,"minecraft:cobblestone":1,"minecraft:dirt":1,"minecraft:spruce_planks":3,"minecraft:oak_sapling":1}},"DataVersion":3465}