{"stats":{"minecraft:crafted":{"minecraft:wooden_sword":1,"minecraft:crafting_table":2,"minecraft:spruce_planks":32,"minecraft:stick":4,"minecraft:spruce_boat":2},"minecraft:killed":{"jeg:ghoul":1,"minecraft:zombie":1,"minecraft:pig":1,"minecraft:spider":1},"minecraft:used":{"minecraft:spruce_boat":5,"minecraft:rotten_flesh":1,"minecraft:golden_helmet":1,"minecraft:wooden_sword":28,"minecraft:crafting_table":2,"minecraft:porkchop":1,"alexsmobs:animal_dictionary":1},"minecraft:custom":{"minecraft:time_since_rest":7194,"minecraft:sprint_one_cm":90532,"minecraft:damage_taken":1442,"minecraft:walk_one_cm":42201,"minecraft:mob_kills":4,"minecraft:damage_dealt":1204,"minecraft:swim_one_cm":790,"minecraft:interact_with_crafting_table":3,"minecraft:fly_one_cm":54278,"minecraft:player_kills":2,"minecraft:crouch_one_cm":460,"minecraft:play_time":19866,"minecraft:deaths":4,"minecraft:sneak_time":309,"minecraft:walk_under_water_one_cm":1602,"minecraft:boat_one_cm":114390,"minecraft:jump":327,"minecraft:time_since_death":7160,"minecraft:walk_on_water_one_cm":7635,"minecraft:total_world_time":19866,"minecraft:fall_one_cm":11275},"minecraft:killed_by":{"minecraft:player":1,"alexsmobs:cachalot_whale":1,"minecraft:skeleton":1,"iceandfire:siren":1},"minecraft:picked_up":{"minecraft:golden_helmet":1,"minecraft:birch_boat":1,"minecraft:porkchop":1,"minecraft:spruce_sapling":2,"minecraft:spruce_log":10,"minecraft:string":1,"minecraft:spider_eye":1,"minecraft:wooden_sword":1,"minecraft:rotten_flesh":2,"minecraft:spruce_boat":3,"minecraft:oak_sapling":1},"minecraft:mined":{"minecraft:spruce_log":10,"minecraft:spruce_leaves":15,"minecraft:oak_leaves":9,"minecraft:fern":2}},"DataVersion":3465}