{"stats":{"minecraft:crafted":{"minecraft:wooden_sword":2,"minecraft:crafting_table":3,"minecraft:spruce_planks":72,"minecraft:wooden_pickaxe":1,"minecraft:stick":12,"minecraft:stone_pickaxe":1,"minecraft:wooden_axe":1,"minecraft:stone_sword":1,"minecraft:spruce_boat":5},"minecraft:used":{"minecraft:stone_sword":25,"minecraft:stone_pickaxe":34,"minecraft:wooden_pickaxe":5,"minecraft:spruce_planks":3,"minecraft:birch_boat":1,"minecraft:rotten_flesh":1,"minecraft:dirt":1,"minecraft:crafting_table":3,"minecraft:spruce_boat":10,"minecraft:golden_helmet":1,"minecraft:wooden_sword":41,"minecraft:cobblestone":6,"minecraft:sweet_berries":6,"minecraft:porkchop":3,"alexsmobs:animal_dictionary":1,"minecraft:coarse_dirt":2},"minecraft:killed":{"jeg:ghoul":1,"minecraft:pig":2,"alexsmobs:seal":1,"minecraft:spider":2,"minecraft:zombie":1,"alexsmobs:banana_slug":1},"minecraft:custom":{"minecraft:mob_kills":8,"minecraft:interact_with_crafting_table":8,"minecraft:leave_game":2,"minecraft:time_since_death":1053,"minecraft:climb_one_cm":336,"minecraft:time_since_rest":1110,"minecraft:sprint_one_cm":257906,"minecraft:damage_taken":6866,"minecraft:walk_one_cm":108530,"minecraft:trigger_trapped_chest":4,"minecraft:drop":1,"minecraft:damage_dealt":2151,"minecraft:swim_one_cm":32593,"minecraft:fly_one_cm":205467,"minecraft:player_kills":2,"minecraft:crouch_one_cm":2195,"minecraft:play_time":55730,"minecraft:deaths":14,"minecraft:sneak_time":1033,"minecraft:walk_under_water_one_cm":10409,"minecraft:boat_one_cm":189942,"minecraft:jump":1128,"minecraft:walk_on_water_one_cm":14482,"minecraft:total_world_time":55730,"minecraft:fall_one_cm":63701},"minecraft:killed_by":{"minecraft:player":3,"alexsmobs:crocodile":2,"minecraft:skeleton":1,"iceandfire:siren":1,"iceandfire:ghost":3,"alexsmobs:cachalot_whale":1},"minecraft:picked_up":{"minecraft:coarse_dirt":2,"minecraft:iron_chestplate":1,"jeg:scrap":21,"minecraft:string":2,"minecraft:dirt":2,"minecraft:wooden_sword":1,"minecraft:iron_leggings":1,"minecraft:stone_bricks":2,"minecraft:sugar_cane":5,"jeg:tech_trash":4,"minecraft:golden_helmet":1,"minecraft:raw_iron":1,"minecraft:birch_boat":2,"minecraft:sweet_berries":5,"minecraft:porkchop":4,"minecraft:spruce_sapling":3,"minecraft:ink_sac":2,"minecraft:spruce_log":20,"alexsmobs:crocodile_scute":1,"minecraft:spider_eye":1,"minecraft:rotten_flesh":2,"minecraft:spruce_boat":5,"minecraft:iron_helmet":1,"minecraft:oak_sapling":1,"iceandfire:raw_silver":4,"minecraft:coal":8,"minecraft:white_wool":1,"minecraft:cobblestone":12},"minecraft:mined":{"minecraft:podzol":1,"minecraft:white_bed":1,"jeg:scrap_ore":12,"iceandfire:silver_ore":4,"minecraft:grass_block":1,"minecraft:spruce_leaves":21,"minecraft:sugar_cane":2,"minecraft:coarse_dirt":2,"minecraft:iron_ore":1,"minecraft:sweet_berry_bush":2,"minecraft:spruce_log":20,"minecraft:grass":1,"minecraft:coal_ore":8,"minecraft:vine":2,"minecraft:stone":12,"minecraft:stone_bricks":2,"minecraft:oak_leaves":9,"minecraft:fern":2},"minecraft:dropped":{"minecraft:porkchop":1}},"DataVersion":3465}