{"stats":{"minecraft:crafted":{"minecraft:wooden_sword":1,"minecraft:crafting_table":1,"minecraft:spruce_planks":12,"minecraft:stick":4},"minecraft:killed":{"jeg:ghoul":1,"minecraft:spider":1,"minecraft:zombie":1},"minecraft:used":{"minecraft:rotten_flesh":1,"minecraft:spruce_boat":1,"minecraft:wooden_sword":26,"minecraft:crafting_table":1,"alexsmobs:animal_dictionary":1},"minecraft:custom":{"minecraft:time_since_rest":2839,"minecraft:crouch_one_cm":194,"minecraft:play_time":7866,"minecraft:sprint_one_cm":41584,"minecraft:walk_one_cm":25610,"minecraft:damage_taken":672,"minecraft:deaths":2,"minecraft:sneak_time":189,"minecraft:walk_under_water_one_cm":212,"minecraft:mob_kills":3,"minecraft:boat_one_cm":21214,"minecraft:jump":150,"minecraft:walk_on_water_one_cm":887,"minecraft:damage_dealt":1081,"minecraft:time_since_death":2805,"minecraft:total_world_time":7866,"minecraft:player_kills":2,"minecraft:interact_with_crafting_table":1,"minecraft:fall_one_cm":4747,"minecraft:fly_one_cm":23335},"minecraft:picked_up":{"minecraft:rotten_flesh":2,"minecraft:spruce_boat":1,"minecraft:spruce_sapling":1,"minecraft:spruce_log":5,"minecraft:spider_eye":1,"minecraft:string":1},"minecraft:killed_by":{"minecraft:skeleton":1,"minecraft:player":1},"minecraft:mined":{"minecraft:spruce_leaves":2,"minecraft:spruce_log":5,"minecraft:fern":1}},"DataVersion":3465}