{"stats":{"minecraft:crafted":{"minecraft:wooden_sword":1,"minecraft:crafting_table":2,"minecraft:spruce_planks":40,"minecraft:stick":4,"minecraft:spruce_boat":3},"minecraft:killed":{"jeg:ghoul":1,"minecraft:zombie":1,"minecraft:pig":2,"minecraft:spider":1},"minecraft:used":{"minecraft:spruce_boat":6,"minecraft:birch_boat":1,"minecraft:rotten_flesh":1,"minecraft:golden_helmet":1,"minecraft:dirt":1,"minecraft:wooden_sword":39,"minecraft:sweet_berries":6,"minecraft:crafting_table":2,"minecraft:porkchop":3,"alexsmobs:animal_dictionary":1},"minecraft:custom":{"minecraft:time_since_rest":8210,"minecraft:sprint_one_cm":160511,"minecraft:damage_taken":1803,"minecraft:walk_one_cm":60287,"minecraft:mob_kills":5,"minecraft:drop":1,"minecraft:damage_dealt":1377,"minecraft:swim_one_cm":5769,"minecraft:interact_with_crafting_table":4,"minecraft:fly_one_cm":100952,"minecraft:player_kills":2,"minecraft:crouch_one_cm":585,"minecraft:play_time":31866,"minecraft:deaths":5,"minecraft:sneak_time":376,"minecraft:walk_under_water_one_cm":2754,"minecraft:boat_one_cm":189922,"minecraft:jump":609,"minecraft:time_since_death":8007,"minecraft:walk_on_water_one_cm":9342,"minecraft:total_world_time":31866,"minecraft:fall_one_cm":19887},"minecraft:killed_by":{"minecraft:player":2,"alexsmobs:cachalot_whale":1,"minecraft:skeleton":1,"iceandfire:siren":1},"minecraft:picked_up":{"minecraft:golden_helmet":1,"minecraft:birch_boat":2,"minecraft:sweet_berries":5,"minecraft:porkchop":4,"minecraft:spruce_sapling":3,"minecraft:spruce_log":12,"minecraft:dirt":1,"minecraft:string":1,"minecraft:spider_eye":1,"minecraft:wooden_sword":1,"minecraft:rotten_flesh":2,"minecraft:spruce_boat":3,"minecraft:oak_sapling":1},"minecraft:mined":{"minecraft:sweet_berry_bush":2,"minecraft:spruce_log":12,"minecraft:grass_block":1,"minecraft:spruce_leaves":21,"minecraft:oak_leaves":9,"minecraft:fern":2},"minecraft:dropped":{"minecraft:porkchop":1}},"DataVersion":3465}